Workbook

Sheet AddressProfilingResults
A1: Report: | B1: Address Profiling results
A2: Datestamp: | B2: 36526
A3: Produced by: | B3: Clarion
A4: Filters:
A5: Organisation: | B5: Clarion
A6: Address count: | B6: The list below contains XXX of the XXXXXX addresses in the organisation
H7: Energy Profiling | Y7: Lodged EPC scores | AC7: Housing Profiling | AJ7: Confidence | BC7: Other Costs/Metrics (Regional Weather Data)
A8: OrganisationReference | B8: Alternate Organisation Reference | C8: Address | D8: PostCode | E8: Borough | F8: AddressId | G8: Address Groups | H8: SAP | J8: EI | L8: Fuel Bills (£/yr) | M8: Realistic Fuel Bill (Regional) | N8: tCO2 | O8: tCO2 2017 | P8: tCO2 SAP 10.1 | Q8: tCO2 2025 | R8: tCO2 2035 | S8: tCO2 2038 | T8: tCO2 2050 | U8: Heating Cost (£/yr) | V8: T Threshold (ºC) | W8: SAP (9.92) | Y8: SAP | AA8: Lodgement Date | AB8: SAP version | AC8: Age | AD8: Property Type | AE8: Walls | AF8: Roofs | AG8: Glazing | AH8: Heating | AI8: Main Fuel | AJ8: Average | AK8: Built Form | AL8: Age | AM8: Walls | AN8: Roof | AO8: Lighting | AP8: Main Heating | AQ8: Floors | AR8: Controls | AS8: Secondary Heating | AT8: Water Heating | AU8: Dimensions | AV8: Doors | AW8: Windows | AX8: Renewables | AY8: Ventilation | AZ8: Room in Roof | BA8: Other | BB8: Non RdSAP | BC8: Heating, No Hot Water Cost (£/yr) | BD8: Water Heating Cost (£/yr) | BE8: Lighting Cost (£/yr) | BF8: kWh | BG8: kWh/m2 | BH8: kWh/m2 heating demand | BI8: Heat Loss Coefficient (W/°C)
A9: U1234567 | B9: YY1234567 | C9: 1 York Street, York | D9: YY1 1YY | E9: York | F9: 123456 | G9: #AgeBand - 1976-1982 (F),#Confidence - Average7,#Confidence - Floor=<5,#Controls - Programmers,#Controls - Thermostats,#EPC Reason - Social Rental,#EveryAddress,#Floors - SuspendedTimberAsBuiltBefore1991,#HotWater - FromMainSystem,#MainHeatingCategory - Boilers,#MainHeatingFuel - MainsGasAvailable,#MainHeatingFuel - MainsGasNotCommunity,#PropertyType - ConservationAreaUnknown,#PropertyType - Houses,#PropertyType - HousesAndBungalowsTerraced,#PropertyType - ListingUnknown,#Rand4,#Roof - PitchedJoists<150mm,#Roof - PitchedJoists<270mm,#Roof - RoofPresent,#SAPRating - C,#SecondaryHeating - Present,*Derby,AllClarion_North Region,Clarion8,GeneralNeeds&Sheltered,Houses(FilteredSchemes),Lodged SAP - A,PreviouslyAffinitySuttonStock,SHDF_efficient heating | H9: 71.26 | I9: C | J9: 67.679126 | K9: D | L9: 759.19994 | M9: 826.8183 | N9: 3.6684726 | O9: 3.0376172 | P9: 3.2956346 | Q9: 3.1679397 | R9: 3.1459922 | S9: 3.1040923 | T9: 3.0911233 | U9: 649.37785 | V9: 18.12 | W9: 71.26 | X9: C | Y9: 69 | Z9: C | AA9: 40829 | AC9: F: 1976-1982 | AD9: House: EndTerrace | AE9: Cavity: FilledCavity | AF9: PitchedNormalLoftAccess: 100mm | AG9: 100% Double glazing 2002 or later | AH9: Boiler: A rated Regular Boiler | AI9: Gas: Mains Gas | AJ9: 6.6 | AK9: 6 | AL9: 6 | AM9: 6.8 | AN9: 5.3 | AO9: 6 | AP9: 7.5 | AQ9: 4.7 | AR9: 6 | AS9: 10 | AT9: 6 | AU9: 5.3 | AV9: 5.5 | AW9: 8.3 | AX9: 8.7 | AY9: 8.5 | AZ9: 10 | BA9: 6.9 | BB9: 6.1 | BC9: 521.65 | BD9: 127.73 | BE9: 109.82 | BF9: 15584.24 | BG9: 129.87 | BH9: 82.14 | BI9: 278.23

Sheet AdditionalCharts
A2: Number of properties by SAP Band
B4: A | C4: =COUNTIF(AddressProfilingResults!$I$9:$I$1048576, AdditionalCharts!B4) -> 0 | D4: =C4/$C$11 -> 0 | E4: =C4&" ("&TEXT(D4, "#0.00%")&")" -> 0 (0.00%)
B5: B | C5: =COUNTIF(AddressProfilingResults!$I$9:$I$1048576, AdditionalCharts!B5) -> 0 | D5: =C5/$C$11 -> 0 | E5: =C5&" ("&TEXT(D5, "#0.00%")&")" -> 0 (0.00%)
B6: C | C6: =COUNTIF(AddressProfilingResults!$I$9:$I$1048576, AdditionalCharts!B6) -> 1 | D6: =C6/$C$11 -> 1 | E6: =C6&" ("&TEXT(D6, "#0.00%")&")" -> 1 (100.00%)
B7: D | C7: =COUNTIF(AddressProfilingResults!$I$9:$I$1048576, AdditionalCharts!B7) -> 0 | D7: =C7/$C$11 -> 0 | E7: =C7&" ("&TEXT(D7, "#0.00%")&")" -> 0 (0.00%)
B8: E | C8: =COUNTIF(AddressProfilingResults!$I$9:$I$1048576, AdditionalCharts!B8) -> 0 | D8: =C8/$C$11 -> 0 | E8: =C8&" ("&TEXT(D8, "#0.00%")&")" -> 0 (0.00%)
B9: F | C9: =COUNTIF(AddressProfilingResults!$I$9:$I$1048576, AdditionalCharts!B9) -> 0 | D9: =C9/$C$11 -> 0 | E9: =C9&" ("&TEXT(D9, "#0.00%")&")" -> 0 (0.00%)
B10: G | C10: =COUNTIF(AddressProfilingResults!$I$9:$I$1048576, AdditionalCharts!B10) -> 0 | D10: =C10/$C$11 -> 0 | E10: =C10&" ("&TEXT(D10, "#0.00%")&")" -> 0 (0.00%)
C11: =SUM(C4:C10) -> 1
